{
    "Chest": {
        "HP%": 0.1910982099661345,
        "ATK%": 0.20029027576197386,
        "DEF%": 0.19448476052249636,
        "CR": 0.10836961780358007,
        "CDMG": 0.10449927431059507,
        "Healing": 0.09724238026124818,
        "EHR": 0.10401548137397194
    },
    "Boots": {
        "HP%": 0.2784354091610911,
        "ATK%": 0.30056613484302624,
        "DEF%": 0.2995367987647967,
        "SPD": 0.12146165723108594
    },
    "Sphere": {
        "HP%": 0.11792799412196914,
        "ATK%": 0.12674504041146217,
        "DEF%": 0.11682586333578251,
        "Element%": 0.6385011021307861
    },
    "Rope": {
        "HP%": 0.2729173928197978,
        "ATK%": 0.277448588358313,
        "DEF%": 0.23597072150575113,
        "BRK": 0.15684907633321715,
        "ER": 0.056814220982920875
    },
    "Head": {
        "HP": 1.0
    },
    "Hands": {
        "ATK": 1.0
    }
}