{
    "HP": 0.0959105619299794,
    "ATK": 0.09826419535157399,
    "DEF": 0.09806805923310778,
    "HP%": 0.09738158281847602,
    "ATK%": 0.1008139648916348,
    "DEF%": 0.09875453564773953,
    "Speed": 0.04265960576640188,
    "CR": 0.06472491909385113,
    "CDMG": 0.06207708149455722,
    "EHR": 0.08051387663038148,
    "EFF RES": 0.0794351279788173,
    "Break Effect": 0.08139648916347945
}